Number,Message
2248,2248
461,461
860,Tatras
2627,2627
3112,3112
5606,5606
2640,Pattatras
4841,4841
257,257
6326,6326
3953,3953
1970,Tatras
1029,Patte
6427,6427
3015,Pattatras
2622,Patte
1252,1252
740,Tatras
3266,3266
1763,1763
4302,Patte
183,Patte
4764,Patte
2798,2798
4445,Tatras
1739,1739
3358,3358
1099,1099
2117,2117
1626,Patte
4631,4631
3008,3008
4096,4096
6117,Patte
1861,1861
2108,2108
444,Patte
906,Patte
4137,Patte
4884,Patte
3101,3101
708,Patte
4430,Tatras
3150,Pattatras
2603,2603
6000,Pattatras
376,376
3930,Pattatras
1541,1541
5948,5948
5805,Pattatras
3608,3608
2946,Patte
3754,3754
1575,Pattatras
5069,5069
2598,Patte
5679,Patte
2195,Tatras
4902,Patte
226,226
2580,Pattatras
3700,Tatras
5976,Patte
4233,Patte
3522,Patte
3665,Tatras
3603,Patte
6173,6173
1868,1868
5705,Tatras
2958,Patte
320,Tatras
1617,Patte
4543,4543
6081,Patte
4392,Patte
5294,5294
3651,Patte
3394,3394
3208,3208
5839,5839
2359,2359
2864,2864
4880,Tatras
1766,1766
6146,6146
1401,Patte
653,653
209,209
3089,3089
3782,3782
3931,3931
6377,6377
969,Patte
2929,2929
5637,Patte
5416,5416
1425,Pattatras
5353,5353
2288,2288
40,Tatras
145,Tatras
171,Patte
435,Pattatras
2897,2897
5304,Patte
5320,Tatras
4882,4882
1467,Patte
2509,2509
6170,Tatras
1167,Patte
6334,6334
5636,5636
4059,Patte
2188,2188
345,Pattatras
2082,Patte
4267,4267
6332,6332
2351,2351
2857,2857
219,Patte
2159,2159
4971,Patte
2064,Patte
4943,4943
4057,4057
3141,Patte
1422,Patte
1819,1819
2720,Tatras
146,146
1906,1906
4931,4931
2883,Patte
3414,Patte
1568,1568
6338,6338
5596,5596
2526,Patte
5688,Patte
4088,4088
5413,5413
6106,6106
6375,Pattatras
937,937
1446,Patte
4636,4636
3196,3196
4935,Pattatras
755,Tatras
6287,6287
3336,Patte
3873,Patte
443,443
3587,3587
3739,3739
6140,Tatras
1849,1849
6268,6268
4583,4583
4308,Patte
4909,4909
295,Tatras
3339,Patte
5514,Patte
3943,3943
3120,Pattatras
1932,Patte
4734,Patte
2581,2581
836,836
5807,5807
2899,2899
250,Tatras
1933,1933
3165,Pattatras
5169,Patte
481,481
4373,4373
4595,Tatras
16,16
291,Patte
2298,Patte
3065,Tatras
2815,Tatras
2379,Patte
286,286
739,739
2421,Patte
344,344
1762,1762
2420,Tatras
930,Pattatras
5435,Tatras
2610,Pattatras
3310,Tatras
4707,Patte
1150,Tatras
1966,1966
519,Patte
1248,Patte
3783,Patte
1471,1471
3096,Patte
6045,Pattatras
4263,Patte
567,Patte
4038,Patte
4227,Patte
5398,5398
5851,5851
1783,1783
1494,Patte
3068,3068
5015,Tatras
72,Patte
4462,4462
4598,4598
2229,Patte
5620,Tatras
254,254
1736,1736
3273,Patte
1855,Tatras
32,32
2660,Tatras
3011,3011
3691,3691
3848,3848
2814,Patte
1438,1438
1159,1159
3458,3458
3435,Pattatras
4,4
3030,Pattatras
2638,2638
6363,Patte
1566,Patte
4613,4613
6444,Patte
3564,Patte
2486,2486
1909,1909
3489,Patte
845,Tatras
3367,3367
2429,2429
2644,2644
727,727
3175,Tatras
6245,Tatras
1562,1562
1364,1364
4085,Tatras
1822,1822
5499,Patte
6175,Tatras
29,29
649,649
1558,1558
5098,5098
2578,2578
5737,5737
6104,6104
702,Patte
3666,Patte
5713,5713
808,808
2003,2003
826,826
875,Tatras
966,Patte
5749,5749
299,299
2153,2153
643,643
1839,Patte
6192,Patte
1657,1657
3368,3368
6059,6059
2032,2032
6070,Tatras
1262,1262
514,514
1103,1103
1218,Patte
6393,Patte
1076,1076
575,Tatras
4817,4817
173,173
3505,Tatras
2156,2156
1074,Patte
6102,Patte
5601,Patte
4540,Tatras
2501,2501
2745,Pattatras
4930,Tatras
310,Tatras
3014,3014
5180,Tatras
6453,Patte
3887,3887
1717,1717
4689,Patte
668,668
4735,Tatras
812,812
941,941
4129,4129
4768,4768
3253,3253
434,434
5450,Tatras
6267,Patte
5648,5648
678,Patte
4885,Tatras
2369,2369
5207,5207
452,452
1253,1253
1573,1573
4022,4022
2485,Tatras
5998,5998
547,547
220,Tatras
169,169
3499,3499
6208,6208
504,Patte
2796,Patte
2925,Pattatras
346,346
2284,2284
5938,5938
4421,4421
5740,Tatras
1551,Patte
5007,Patte
6419,6419
6185,Tatras
4854,Patte
6448,6448
1917,Patte
2541,Patte
6312,Patte
2452,2452
5145,Pattatras
4562,4562
6,Patte
1727,1727
133,133
6154,6154
2707,2707
1335,Pattatras
2754,Patte
3084,Patte
4687,4687
3580,Tatras
5772,Patte
2389,2389
5127,Patte
2842,2842
5193,Patte
3859,3859
4524,Patte
3157,3157
5866,5866
4112,4112
4181,4181
1063,1063
852,Patte
4729,4729
3811,3811
3705,Pattatras
2697,Patte
2428,2428
5486,5486
846,Patte
4478,4478
5899,5899
4376,4376
1807,1807
1614,Patte
1611,Patte
5446,5446
4959,Patte
4715,Tatras
5013,Patte
2548,2548
3986,3986
5725,Tatras
2145,Pattatras
863,863
4320,Pattatras
3526,3526
1351,1351
3494,3494
1867,1867
925,Tatras
2980,Tatras
5111,5111
2134,2134
4721,4721
4671,Patte
3330,Pattatras
6130,Tatras
5543,5543
3738,Patte
4041,Patte
379,379
2161,2161
663,Patte
6221,6221
3134,3134
5281,5281
3432,Patte
2562,Patte
4029,Patte
5473,5473
2295,Pattatras
3013,3013
919,919
1602,Patte
5094,Patte
1836,Patte
5336,5336
802,802
5157,Patte
3784,3784
655,Tatras
2021,2021
2604,Patte
5816,5816
2266,2266
4101,Patte
4590,Pattatras
2783,2783
5908,5908
3323,3323
6315,Pattatras
2615,Tatras
5608,5608
5249,5249
3740,Tatras
2081,2081
5715,Pattatras
6325,Tatras
2285,Tatras
704,704
4252,4252
5818,5818
6394,6394
4920,Pattatras
2525,Tatras
6348,Patte
4875,Pattatras
2232,Patte
5041,5041
5208,Patte
4461,Patte
3169,3169
2455,Tatras
2109,Patte
1797,Patte
2192,2192
1679,1679
5786,5786
2344,2344
5010,Pattatras
2247,Patte
4274,4274
6387,Patte
1180,Tatras
1502,1502
1537,1537
6435,Pattatras
4427,4427
511,511
1793,1793
3674,3674
3951,Patte
6197,6197
4716,Patte
1399,1399
4260,Pattatras
994,994
3672,Patte
1757,1757
4750,Tatras
2390,Tatras
3798,Patte
4082,4082
5403,Patte
3139,3139
362,362
3145,Tatras
5219,5219
4683,Patte
1468,1468
5205,Pattatras
3360,Pattatras
425,Tatras
4646,4646
638,638
4417,4417
3282,Patte
5117,5117
2918,2918
2136,Patte
1513,1513
4374,Patte
3521,3521
5919,Patte
2318,2318
631,631
1851,Patte
4334,4334
3017,3017
3801,Patte
3366,Patte
924,Patte
1368,Patte
3813,Patte
4962,Patte
555,Pattatras
3445,Tatras
3708,Patte
4182,Patte
4117,4117
2246,2246
4660,Tatras
2596,2596
4094,4094
1447,1447
6105,Pattatras
4788,Patte
5247,Patte
4246,4246
4136,4136
736,736
1165,Tatras
3280,Tatras
5018,5018
707,707
3210,Pattatras
3093,Patte
1698,Patte
6389,6389
1417,1417
5045,Tatras
705,Pattatras
658,658
3827,3827
2031,Patte
2941,2941
2307,Patte
6210,Pattatras
2669,2669
1323,Patte
6447,Patte
1525,Tatras
3320,Tatras
2427,Patte
3737,3737
2676,Patte
1238,1238
1255,Tatras
287,287
5504,5504
3308,3308
137,137
785,Tatras
1873,1873
1219,1219
3642,Patte
5164,5164
3041,3041
1959,Patte
5618,5618
1555,Tatras
3956,3956
5331,Patte
2491,2491
398,398
3495,Pattatras
1835,Tatras
1692,Patte
1338,Patte
1114,1114
338,338
5140,Tatras
4254,Patte
6346,6346
2220,Pattatras
3800,Tatras
2888,2888
2331,Patte
6365,Tatras
5023,5023
913,913
1402,1402
1616,1616
949,949
5877,Patte
5482,5482
5055,Pattatras
644,644
6357,Patte
918,Patte
5147,5147
5390,Tatras
3697,3697
6082,6082
6301,6301
4770,Pattatras
6283,6283
2466,Patte
244,244
3732,Patte
3350,Tatras
3238,3238
473,473
1286,1286
3728,3728
2265,Pattatras
4148,4148
3426,Patte
115,Tatras
4333,4333
2225,Tatras
2418,Patte
5461,5461
3192,Patte
1776,Patte
4822,4822
6321,Patte
3762,Patte
3497,3497
2771,2771
5838,Patte
3938,3938
2131,2131
354,Patte
3286,3286
4130,Tatras
5149,5149
1490,Tatras
2932,2932
3051,Patte
3429,Patte
3056,3056
1460,Tatras
1821,Patte
1376,1376
1984,1984
6234,Patte
3836,3836
2805,Pattatras
4697,4697
296,296
2262,Patte
4814,4814
5780,Tatras
2748,Patte
2224,2224
2761,2761
512,512
6023,6023
2661,Patte
4726,4726
2599,2599
5783,5783
5546,5546
6169,6169
3865,Tatras
1380,Pattatras
2060,Tatras
1899,Patte
6191,6191
172,172
5750,Tatras
3511,3511
2848,2848
2759,2759
2047,2047
4364,4364
1051,1051
5109,Patte
19,19
4217,4217
560,Tatras
4475,Tatras
724,724
6235,Tatras
1361,1361
1607,1607
1912,1912
1743,Patte
3852,Patte
3263,3263
5428,5428
569,569
3582,Patte
1285,Tatras
360,Pattatras
260,Tatras
5651,5651
2321,2321
3983,3983
713,713
5323,5323
3214,3214
2632,2632
4654,4654
529,529
992,992
5171,5171
5718,Patte
2967,Patte
3841,3841
5822,5822
2169,Patte
1407,Patte
507,Patte
5316,Patte
5755,Tatras
1346,1346
5918,5918
2105,Tatras
1270,Tatras
995,Tatras
795,Pattatras
5612,5612
5476,5476
4500,Pattatras
2642,2642
335,Tatras
4938,Patte
3471,Patte
2308,2308
3825,Pattatras
5864,5864
2135,Tatras
463,463
2189,2189
441,Patte
2085,Pattatras
1915,Tatras
5342,5342
3821,3821
5051,5051
4699,4699
5513,5513
3293,3293
1064,1064
5226,Patte
5577,Patte
3338,3338
3583,3583
321,Patte
3294,Patte
4877,4877
6101,6101
874,874
1940,Tatras
149,149
2846,2846
6145,Tatras
4173,Patte
446,446
2730,Pattatras
2508,Patte
5707,5707
5873,5873
5064,Patte
5776,5776
894,Patte
2551,2551
4330,Tatras
196,196
4420,Tatras
2198,2198
3478,3478
6336,Patte
1651,1651
2893,2893
2171,2171
1444,1444
2528,2528
3130,Tatras
3775,Tatras
1731,Patte
6274,6274
4132,4132
4879,4879
3129,Patte
5327,5327
1702,1702
2100,Pattatras
1668,Patte
4348,4348
2437,2437
2305,Tatras
442,442
6273,Patte
328,328
3945,Pattatras
6252,Patte
1138,1138
6037,6037
6157,6157
4953,Patte
4015,Tatras
4780,Tatras
2657,2657
4999,4999
2894,2894
5122,5122
3450,Pattatras
6060,Pattatras
3125,Tatras
174,Patte
2550,Pattatras
1390,Tatras
5378,5378
1891,1891
4039,4039
5600,Tatras
5865,Pattatras
4472,4472
2470,Tatras
783,Patte
1269,Patte
3124,3124
4731,Patte
5396,5396
2319,Patte
2165,Tatras
3961,3961
1369,1369
6024,Patte
3826,3826
1588,1588
1352,1352
3562,3562
4579,4579
2378,2378
3388,3388
2765,Tatras
4390,Tatras
3457,3457
640,Tatras
5756,5756
1769,1769
3107,3107
1006,1006
2931,Patte
3207,Patte
1070,Tatras
6341,6341
1355,Tatras
4197,Patte
882,Patte
3095,Tatras
4994,4994
127,127
5590,Tatras
4588,4588
3356,3356
4956,Patte
4511,4511
2671,2671
3357,Patte
6446,6446
2500,Tatras
5747,5747
585,Pattatras
5024,5024
4497,Patte
6379,6379
5223,Patte
2916,Patte
537,Patte
5464,5464
251,251
1428,Patte
4142,4142
4187,4187
2766,Patte
363,Patte
6213,Patte
4667,4667
1774,1774
1066,1066
1942,1942
2655,Pattatras
895,Tatras
5643,Patte
4180,Tatras
2139,Patte
2479,2479
2424,Patte
5995,Tatras
4381,4381
4789,4789
4556,4556
5279,5279
3420,Pattatras
4414,4414
3539,3539
4435,Tatras
5510,Tatras
5388,Patte
3108,Patte
2121,Patte
1142,1142
3285,Pattatras
3685,Tatras
1345,Tatras
1049,1049
1453,1453
3838,3838
5870,Tatras
2058,Patte
4056,Patte
2243,2243
871,871
3070,Tatras
280,Tatras
6411,Patte
4223,4223
5933,5933
5775,Pattatras
1491,Patte
6417,Patte
4194,Patte
4025,Tatras
2141,2141
10,Tatras
4977,Patte
534,Patte
6181,6181
1147,1147
4551,Patte
1699,1699
1149,Patte
5728,5728
3215,Tatras
490,Tatras
4629,Patte
2413,2413
1874,1874
1267,1267
3520,Tatras
4021,4021
2123,2123
543,Patte
4048,4048
6374,6374
4858,4858
1350,Pattatras
1878,Patte
608,608
3548,3548
5386,5386
6271,6271
1247,1247
3329,3329
1859,1859
1188,Patte
6226,6226
659,659
1358,1358
3847,3847
6163,6163
861,Patte
71,71
2278,2278
5371,5371
2605,Tatras
1520,Tatras
5539,5539
996,Patte
41,41
6091,6091
154,154
1922,1922
2540,Tatras
311,311
393,Patte
5981,5981
3572,3572
3075,Pattatras
1231,1231
282,Patte
4265,Tatras
107,107
4006,4006
2211,Patte
4224,Patte
4138,4138
1266,Patte
4993,4993
1443,Patte
622,622
1593,Patte
4171,4171
5027,5027
2094,Patte
2976,Patte
390,Pattatras
972,Patte
2567,2567
2808,Patte
1771,1771
1744,1744
4549,4549
4377,Patte
1305,Pattatras
1669,1669
2756,2756
5916,Patte
2016,Patte
4940,Tatras
2699,2699
4827,Patte
5828,5828
3173,3173
900,Pattatras
4808,4808
4109,4109
2724,Patte
5537,5537
670,Tatras
3908,3908
5768,5768
5387,5387
5468,5468
4155,Pattatras
4413,Patte
3372,Patte
4393,4393
6100,Tatras
3147,Patte
4701,Patte
397,397
76,76
4256,4256
2317,2317
5162,5162
298,298
1331,1331
1317,Patte
5935,Tatras
5301,Patte
1689,Patte
2092,2092
2489,2489
3933,Patte
2380,Tatras
4249,4249
5560,Tatras
2972,2972
3928,3928
2008,2008
301,301
4170,Pattatras
4369,4369
6137,6137
5209,5209
6031,6031
6281,6281
3982,3982
973,973
365,Tatras
5436,Patte
5963,5963
6275,Tatras
4003,4003
2721,Patte
4891,4891
4292,4292
4196,4196
2001,Patte
290,Tatras
2174,2174
18,Patte
3267,Patte
9,Patte
5835,Pattatras
36,Patte
3743,3743
1543,1543
1412,1412
2302,2302
6046,6046
5695,Tatras
841,841
4698,Patte
2329,2329
42,Patte
4316,4316
3162,Patte
6392,6392
4941,Patte
5083,5083
5485,Tatras
2346,Patte
2436,Patte
4016,4016
5984,5984
1640,Tatras
194,194
1914,Patte
5239,5239
5135,Tatras
1382,1382
766,766
1365,Pattatras
6291,Patte
4661,4661
2069,2069
985,Tatras
4106,4106
1026,Patte
4812,Patte
4803,Patte
4690,Tatras
572,572
2327,2327
4746,Patte
3613,3613
2631,Patte
1225,Tatras
1408,1408
3023,3023
4143,Patte
4996,4996
5646,Patte
5845,Tatras
418,418
3962,3962
182,182
2299,2299
748,748
2190,Pattatras
4640,Tatras
6065,Tatras
500,Tatras
4102,4102
4508,4508
3100,Tatras
1905,Pattatras
4991,4991
1685,Tatras
5257,5257
5716,5716
629,629
2363,2363
5344,5344
4888,4888
2539,2539
1207,1207
3624,Patte
6149,6149
1581,Patte
3596,3596
665,Tatras
400,Tatras
3678,Patte
23,23
3376,3376
1870,Tatras
4247,4247
1660,Tatras
5622,Patte
4503,Patte
445,Tatras
3694,3694
6250,Tatras
3278,3278
4418,4418
3567,Patte
896,896
4007,4007
3989,3989
3502,3502
157,157
6033,Patte
2385,Pattatras
2769,Patte
596,596
4075,Tatras
3527,3527
2625,Pattatras
3727,3727
2542,2542
5493,Patte
4457,4457
2354,2354
2503,2503
5298,Patte
6418,6418
5544,Patte
3995,Tatras
4939,4939
5060,Tatras
6402,Patte
5992,5992
2572,2572
3645,Pattatras
5106,Patte
5813,5813
1130,Tatras
4955,Tatras
4304,4304
4058,4058
3250,Tatras
4460,Tatras
651,Patte
791,791
4866,Patte
248,248
5277,Patte
3658,3658
4908,Patte
4711,4711
6306,Patte
315,Pattatras
4573,4573
3579,Patte
2402,2402
733,733
3558,Patte
3711,Patte
3349,3349
1624,1624
1501,1501
2168,2168
4862,4862
2583,Patte
726,Patte
5014,5014
469,469
4410,Pattatras
3076,3076
1518,Patte
538,538
2891,2891
1279,1279
4118,4118
4198,4198
1008,Patte
4809,Patte
5261,5261
1994,1994
4692,Patte
694,694
3174,Patte
2394,Patte
1187,1187
607,607
1091,1091
3693,Patte
1680,Pattatras
3639,Patte
581,581
3461,3461
4480,Tatras
1127,1127
2283,Patte
1452,Patte
3327,Patte
5678,5678
525,Pattatras
1646,1646
5431,5431
2728,2728
4011,Patte
6131,6131
1122,Patte
3073,3073
5129,5129
578,578
920,Tatras
312,Patte
5269,5269
5711,5711
6347,6347
5848,5848
2396,2396
5480,Tatras
6335,Tatras
2937,Patte
4759,4759
5578,5578
5052,Patte
4370,Tatras
6440,Tatras
4638,Patte
339,Patte
4341,Patte
805,Tatras
1682,1682
5448,Patte
3964,3964
3609,Patte
6441,Patte
5268,Patte
3213,Patte
2836,2836
1789,1789
1887,Patte
4825,Tatras
1292,1292
3044,3044
4443,Patte
190,Tatras
4098,Patte
3269,3269
2446,2446
3166,3166
1146,Patte
6331,6331
2106,Patte
915,Pattatras
516,Patte
5602,5602
5732,5732
2992,2992
2370,Pattatras
1441,1441
3007,3007
5034,Patte
3637,3637
3200,Tatras
4517,4517
2358,Patte
4818,Patte
2650,Tatras
5900,Tatras
647,647
4446,Patte
2557,2557
3473,3473
24,Patte
4732,4732
4618,4618
1388,1388
4278,Patte
2664,Patte
265,Tatras
3138,Patte
2780,Tatras
1724,1724
2790,Pattatras
2877,Patte
1415,Tatras
968,968
5891,5891
3424,3424
6025,Tatras
3618,Patte
3955,Tatras
942,Patte
3957,Patte
986,986
1554,Patte
4188,Patte
5124,Patte
2138,2138
6067,6067
5303,5303
719,719
3304,3304
4611,Patte
1667,1667
4972,4972
2406,Patte
2546,2546
3027,Patte
3517,3517
4402,4402
3729,Patte
4423,4423
4207,4207
5670,Pattatras
6337,6337
1677,Patte
2740,Tatras
1233,Patte
5573,5573
3812,3812
91,91
5278,5278
2260,Tatras
6167,6167
206,206
1497,Patte
3595,Tatras
4375,Tatras
2400,Pattatras
3777,Patte
2391,Patte
110,Tatras
3049,3049
955,Tatras
1366,1366
1493,1493
3967,3967
1951,1951
200,Tatras
4255,Tatras
948,Patte
35,Tatras
2181,Patte
2175,Pattatras
471,Patte
2735,Tatras
368,368
6317,6317
3052,3052
350,Tatras
4886,4886
4693,4693
964,964
2286,Patte
1943,1943
1424,1424
5322,Patte
2467,2467
3396,Patte
599,599
1442,1442
2701,2701
2942,2942
129,Patte
582,Patte
2034,Patte
5801,5801
738,Patte
3584,3584
5910,Pattatras
1198,1198
1405,Tatras
5059,5059
3299,3299
6219,Patte
3573,Patte
479,479
4681,4681
6069,Patte
5614,5614
3643,3643
2408,2408
4350,Pattatras
394,394
6094,6094
4796,4796
411,Patte
4060,Tatras
6253,6253
2788,2788
5885,Tatras
4001,4001
5743,5743
2687,2687
4876,4876
2447,2447
3922,3922
2488,2488
3760,Tatras
6452,6452
2324,2324
337,337
2416,2416
5887,5887
6107,6107
1745,Tatras
4678,4678
2133,Patte
2005,Tatras
5568,Patte
2913,Patte
5959,5959
2688,Patte
2006,2006
4958,4958
2453,2453
410,Tatras
5373,Patte
4080,Pattatras
1208,1208
5863,5863
1848,Patte
2180,Tatras
2172,Patte
6161,6161
3123,Patte
1272,Patte
1360,Tatras
3345,Pattatras
3033,Patte
6171,Patte
2729,2729
327,Patte
5458,5458
4226,4226
999,Patte
6421,6421
706,706
5830,Tatras
5982,Patte
6139,6139
6405,Pattatras
4045,Tatras
4980,Pattatras
3719,3719
1811,1811
2626,2626
6351,Patte
1485,Pattatras
3110,Tatras
2524,2524
2457,Patte
3067,3067
1664,1664
1824,Patte
430,Tatras
3451,3451
3744,Patte
597,Patte
661,661
1242,Patte
2252,2252
4686,Patte
1511,1511
1193,1193
2228,2228
1688,1688
3144,Patte
1283,1283
3663,Patte
1451,1451
5123,5123
3004,3004
2459,2459
5470,Tatras
1613,1613
4468,4468
3523,3523
4893,Patte
804,Patte
6016,6016
671,671
3552,Patte
5571,Patte
152,152
3098,3098
1173,Patte
4440,Pattatras
4070,Tatras
5114,5114
5861,5861
1815,Pattatras
5852,5852
2516,2516
238,238
140,Tatras
5532,Patte
6165,Pattatras
2398,2398
4319,4319
5302,5302
2708,2708
725,Tatras
5944,5944
1901,1901
480,Pattatras
5452,5452
1394,1394
412,412
3383,3383
5996,5996
1569,Patte
6310,Tatras
1823,1823
4490,Tatras
5685,Pattatras
998,998
1641,Patte
5380,Tatras
5080,Tatras
4086,Patte
1191,Patte
266,266
5179,5179
3227,3227
4856,4856
329,329
4383,Patte
4485,Pattatras
1256,1256
621,Patte
4578,Patte
2059,2059
1753,1753
4839,Patte
4523,4523
5517,Patte
4352,4352
943,943
5455,Tatras
4635,Pattatras
159,Patte
2613,Patte
981,Patte
758,758
3159,Patte
4607,4607
5802,Patte
2608,2608
6158,6158
4530,Pattatras
1094,1094
586,586
5966,5966
4140,Pattatras
6041,6041
2342,2342
3319,3319
5855,Tatras
1488,Patte
4623,Patte
843,Patte
945,Pattatras
636,Patte
1542,Patte
4519,4519
242,242
141,Patte
374,374
3441,Patte
6128,6128
5095,Tatras
6401,6401
2705,Tatras
3712,3712
5781,Patte
3633,Patte
6323,6323
5434,5434
3284,3284
1748,1748
1465,Tatras
1945,Tatras
4903,4903
4532,4532
6009,Patte
3898,3898
885,Pattatras
6220,Tatras
421,421
3069,Patte
6228,Patte
3244,3244
5444,5444
4220,Tatras
5141,5141
144,Patte
56,56
6381,Patte
928,928
4949,4949
4164,Patte
2366,2366
3834,Patte
5763,Patte
6027,Patte
4975,Tatras
5077,5077
576,Patte
6080,Tatras
5519,5519
4115,Tatras
3940,Tatras
3480,Pattatras
1827,Patte
2051,2051
2921,2921
3477,Patte
6244,6244
850,Tatras
1779,Patte
3092,3092
4921,4921
4035,Pattatras
3926,3926
3137,3137
3884,3884
5471,5471
1413,Patte
2245,Tatras
2751,Patte
4846,4846
4736,4736
2717,2717
2813,2813
4567,4567
5565,Pattatras
2679,Patte
5840,Tatras
2462,2462
5221,5221
3998,3998
4700,Tatras
2368,2368
2952,Patte
944,944
6298,6298
5082,Patte
6095,Tatras
859,859
3763,3763
872,872
5376,Patte
1178,1178
1902,Patte
1211,1211
3545,Tatras
4495,Tatras
2875,Tatras
4625,Tatras
5329,5329
2909,2909
4419,Patte
1510,Tatras
3844,3844
119,119
2691,Patte
4079,4079
4756,4756
5401,5401
4379,4379
1371,Patte
2552,2552
2986,2986
6001,6001
1606,1606
5112,Patte
2684,2684
2114,2114
3332,3332
3698,3698
827,827
413,413
221,221
2571,Patte
5675,Tatras
838,838
2901,Patte
6138,Patte
6414,Patte
1533,Patte
660,Pattatras
1509,Patte
5993,5993
2841,Patte
4287,Patte
5105,Tatras
793,793
5466,Patte
741,Patte
2007,Patte
767,767
790,Tatras
3176,3176
1145,Tatras
4771,4771
3055,Tatras
5692,5692
6376,6376
198,Patte
950,Tatras
3970,Tatras
4212,Patte
2663,2663
1856,1856
1788,Patte
3074,3074
3648,Patte
4673,4673
124,124
2834,2834
4582,4582
1792,1792
1164,Patte
5632,5632
2330,Tatras
2996,2996
2822,2822
501,Patte
1226,1226
4184,4184
5282,5282
4275,Pattatras
3158,3158
3492,Patte
4147,4147
5722,5722
361,361
2444,2444
309,Patte
1755,Pattatras
420,Pattatras
4209,Patte
1787,1787
4453,4453
2030,Tatras
2994,Patte
2919,Patte
2119,2119
749,749
2764,2764
4139,4139
3759,Patte
4767,Patte
5311,5311
3291,Patte
4362,Patte
4642,4642
2409,Patte
3816,Patte
1395,Pattatras
5477,5477
4344,Patte
1018,1018
2506,2506
5465,Tatras
5406,Patte
5073,Patte
5151,Patte
1903,1903
1240,Tatras
831,Patte
745,Tatras
3929,3929
2054,2054
1556,1556
5172,Patte
6403,6403
5854,5854
2602,2602
4111,4111
319,319
721,721
602,602
4262,4262
195,Pattatras
967,967
6127,6127
2917,2917
2739,Patte
4747,4747
1416,Patte
6413,6413
3425,Tatras
1567,1567
3761,3761
3625,Tatras
1997,1997
3985,Tatras
1750,Tatras
2799,Patte
4014,Patte
601,601
1507,1507
595,Tatras
6324,Patte
1092,Patte
6251,6251
184,184
4655,Tatras
5889,Patte
1600,Tatras
1259,1259
4450,Tatras
5760,Pattatras
3588,Patte
3947,3947
1948,1948
5183,5183
1928,1928
1955,Tatras
2349,Patte
3997,3997
1479,Patte
3817,3817
6364,6364
1291,1291
2683,2683
1483,1483
1858,1858
4009,4009
263,263
163,163
2998,2998
4545,Pattatras
2861,2861
3037,3037
6214,6214
3736,3736
646,646
1108,1108
1282,1282
6189,Patte
2689,2689
1707,Patte
3628,3628
544,544
4784,4784
88,88
4799,4799
466,466
4973,4973
1379,1379
278,278
1289,1289
3455,Tatras
1546,1546
635,Tatras
3627,Patte
4966,4966
3958,3958
120,Pattatras
3528,Patte
3785,Tatras
1052,1052
6032,6032
6014,6014
1232,1232
5092,5092
4017,Patte
6114,Patte
3699,Patte
4522,4522
2564,2564
1540,Tatras
5619,Patte
1952,1952
5926,5926
4159,4159
4944,Patte
3713,3713
3901,3901
4466,4466
1203,Patte
5667,Patte
2563,2563
4963,4963
502,502
4229,4229
1319,1319
2255,Tatras
2415,Pattatras
1498,1498
1263,Patte
3878,3878
4754,4754
2576,2576
2091,Patte
4528,4528
5236,5236
2340,Pattatras
1473,Patte
510,Pattatras
3646,3646
4451,4451
4095,Pattatras
3181,3181
3470,Tatras
1131,Patte
4219,4219
2214,Patte
618,Patte
3902,3902
5454,Patte
6366,Patte
378,Patte
5945,Tatras
3996,Patte
2750,Tatras
253,253
1708,1708
4389,Patte
2279,2279
5972,5972
2336,2336
1431,Patte
3353,3353
5892,Patte
5341,5341
3556,3556
1642,1642
5163,Patte
977,977
4650,Pattatras
5541,Patte
1860,Pattatras
3682,3682
3893,3893
6327,Patte
5256,Patte
4753,4753
5954,5954
3054,Patte
297,Patte
645,Pattatras
4296,Patte
5810,Tatras
6284,6284
6097,6097
2063,2063
57,Patte
5789,5789
5255,Tatras
2924,2924
6270,Pattatras
2742,Patte
103,103
2258,2258
2347,2347
2781,Patte
3245,Tatras
2981,2981
1386,Patte
59,59
1521,Patte
3590,Tatras
2862,Patte
5649,Patte
3485,Tatras
3032,3032
3206,3206
1419,Patte
2328,Patte
4271,4271
2410,Tatras
213,Patte
5784,Patte
1655,Tatras
3799,3799
5674,5674
4831,4831
2073,Patte
3768,Patte
264,Patte
2529,Patte
3915,Pattatras
5594,5594
503,503
1578,Patte
3756,Patte
3722,3722
884,884
5175,Pattatras
1761,Patte
2682,Patte
4643,4643
5096,5096
4576,4576
3072,Patte
1954,1954
3000,Pattatras
3268,3268
2556,Patte
6008,6008
4310,Tatras
533,533
3881,3881
1676,1676
717,Patte
203,203
5773,5773
1041,Patte
5407,5407
5400,Pattatras
682,682
3467,3467
3234,Patte
3301,3301
5372,5372
5404,5404
984,Patte
4385,Tatras
1609,1609
2983,2983
3231,Patte
868,868
1373,1373
3769,3769
4533,Patte
4071,Patte
891,Patte
2152,2152
3271,3271
991,991
4802,4802
3909,Patte
3036,Patte
3154,3154
4981,4981
824,824
4312,4312
5107,5107
3230,Tatras
3916,3916
3533,3533
4662,Patte
2776,2776
4797,Patte
5326,5326
3131,3131
3186,Patte
3602,3602
5119,5119
2859,Patte
6198,Patte
2463,Patte
5872,5872
4934,4934
5924,5924
3116,3116
2582,2582
4100,Tatras
642,Patte
3062,3062
5708,5708
192,Patte
4664,4664
2568,Patte
3009,Patte
5735,Tatras
5350,Tatras
4837,4837
5417,5417
122,122
5374,5374
5759,5759
4151,4151
1017,Patte
4288,4288
6329,6329
4321,4321
5609,5609
6248,6248
5090,Tatras
4518,Patte
3715,Tatras
5056,5056
1039,1039
4950,Pattatras
1939,1939
2950,Tatras
208,208
1480,Tatras
4850,Tatras
423,Patte
6367,6367
3281,3281
1072,1072
1582,1582
3415,Tatras
4658,4658
2162,2162
1168,1168
2494,2494
1487,1487
4360,Tatras
1241,1241
5809,5809
1445,Tatras
2753,2753
4848,Patte
2343,Patte
5199,Patte
4597,4597
3710,Tatras
5523,Patte
4895,Tatras
3236,3236
932,932
2035,Tatras
6311,6311
5345,Tatras
2434,2434
5983,5983
1044,Patte
274,274
1627,1627
2197,2197
3405,Pattatras
2579,2579
1919,1919
3547,3547
6087,Patte
775,Tatras
1123,1123
4428,Patte
138,Patte
4985,Tatras
2360,Tatras
2758,2758
5100,Pattatras
2985,Pattatras
6168,Patte
94,94
1003,1003
541,541
1209,Patte
3992,3992
2093,2093
331,331
737,737
5664,Patte
1184,1184
5639,5639
4509,Patte
2792,2792
5028,Patte
927,Patte
2440,Tatras
5729,5729
121,121
5258,5258
1080,Pattatras
1564,1564
5588,5588
6406,6406
3398,3398
6153,Patte
4476,Patte
5478,Patte
3991,3991
3500,Tatras
2104,2104
1768,1768
1759,1759
5213,5213
22,22
3364,3364
5131,5131
1264,1264
676,676
332,332
1958,1958
5672,5672
5536,5536
6308,6308
1190,Tatras
5778,Patte
1155,Pattatras
4243,4243
1911,Patte
2944,2944
5102,5102
684,Patte
6442,6442
1504,1504
679,679
552,Patte
5555,Tatras
5875,Tatras
288,Patte
1918,1918
3723,Patte
5246,5246
3828,Patte
3434,3434
406,406
2259,Patte
307,307
69,Patte
4152,Patte
6227,6227
5836,5836
4900,Tatras
3891,Patte
637,637
2375,Tatras
623,623
2029,2029
878,878
2838,Patte
2628,Patte
3344,3344
3565,Tatras
2606,2606
2800,Tatras
1230,Pattatras
70,Tatras
5500,Tatras
5439,Patte
6172,6172
1100,Tatras
3615,Pattatras
4717,4717
946,946
1973,1973
5528,5528
5335,Tatras
6428,6428
1686,Patte
3543,Patte
789,Patte
2507,2507
1472,1472
681,Patte
6062,6062
2554,2554
5334,Patte
2384,2384
5003,5003
1414,1414
3949,3949
5266,5266
4821,Patte
3606,Patte
2361,Patte
3664,3664
4774,4774
5178,Patte
3765,Pattatras
5115,Pattatras
5203,5203
25,Tatras
3514,3514
87,Patte
2566,2566
6049,6049
4230,Pattatras
6390,Pattatras
1056,Patte
3370,Tatras
3156,Patte
5597,5597
1042,1042
6415,Tatras
5951,5951
3793,3793
4002,Patte
1612,1612
5272,5272
2521,2521
619,619
2241,Patte
3555,Pattatras
5244,Patte
3589,3589
2207,2207
349,349
672,Patte
45,Pattatras
5734,5734
2906,2906
1179,Patte
5474,5474
5905,Tatras
613,613
1786,1786
5676,Patte
4099,4099
1603,1603
4270,Tatras
2098,2098
5942,5942
6373,6373
1853,1853
193,193
1586,1586
80,Tatras
2352,Patte
414,Patte
3127,3127
6399,Patte
5990,Tatras
3022,3022
3794,3794
6300,Pattatras
1671,Patte
2043,Patte
2593,2593
5733,Patte
6017,6017
6084,Patte
3311,3311
5422,5422
97,97
5505,Pattatras
6209,6209
4691,4691
4090,Tatras
5699,5699
3980,Tatras
935,Tatras
2471,2471
5310,Pattatras
4134,Patte
5726,5726
237,Patte
207,Patte
1515,Pattatras
3866,3866
3730,Tatras
6345,Pattatras
6007,6007
3911,3911
1307,1307
4864,4864
5251,5251
559,559
4477,4477
784,784
2020,Tatras
429,Patte
1433,1433
4680,Pattatras
1046,1046
5574,Patte
1670,Tatras
3082,3082
2088,Patte
1436,1436
5572,5572
3312,Patte
3874,3874
5101,5101
1202,1202
5443,5443
2779,2779
4889,4889
4942,4942
4566,Patte
5986,5986
3845,Tatras
556,556
2760,Pattatras
5370,Pattatras
3419,3419
3164,3164
148,148
5177,5177
2558,2558
477,Patte
3105,Pattatras
840,Pattatras
4652,4652
2219,2219
2570,Tatras
1112,1112
5868,Patte
5841,Patte
5227,5227
5909,5909
610,Tatras
2784,Patte
4984,4984
3534,Patte
3733,3733
3566,3566
5884,5884
6113,6113
1087,1087
1866,Patte
728,728
50,Tatras
4634,4634
3839,3839
6148,6148
539,539
2208,Patte
1889,1889
626,626
1990,Tatras
4343,4343
6224,6224
5682,Patte
2984,2984
6180,Pattatras
2736,Patte
3647,3647
4228,4228
5698,5698
465,Pattatras
4878,Patte
3384,Patte
4553,4553
3917,3917
5748,Patte
4008,Patte
5368,5368
5988,Patte
2600,Tatras
1078,1078
3104,3104
2027,2027
2015,Tatras
5952,Patte
5977,5977
3840,Pattatras
5605,Tatras
693,Patte
6190,Tatras
5158,5158
5359,5359
5880,Pattatras
1124,1124
4924,4924
978,Patte
472,472
6050,Tatras
5757,Patte
4617,Patte
6397,6397
5356,5356
5947,5947
6424,6424
2372,2372
383,383
1969,1969
641,641
2086,2086
801,Patte
1381,1381
3378,Patte
6092,6092
4398,Patte
3921,Patte
5424,Patte
1908,Patte
674,674
2519,2519
4906,4906
2584,2584
3559,3559
431,431
4835,Tatras
6372,Patte
6183,Patte
6434,6434
1169,1169
5241,Patte
5883,Patte
6052,6052
186,Patte
4641,Patte
3290,Tatras
1589,1589
5524,5524
2052,Patte
3966,Patte
815,Tatras
2951,2951
5297,5297
5686,5686
4836,Patte
2310,Pattatras
4665,Pattatras
1236,Patte
2947,2947
3161,3161
4332,Patte
1450,Tatras
6126,Patte
3460,Tatras
938,938
1228,1228
2473,2473
6276,Patte
1239,Patte
1988,1988
4311,Patte
2654,2654
5561,5561
2674,2674
3060,Pattatras
5509,5509
634,634
1765,Tatras
3404,3404
5549,5549
4281,Patte
139,139
4439,4439
2727,Patte
2964,Patte
1935,Pattatras
2712,Patte
5545,Tatras
1635,Pattatras
5225,Tatras
2665,Tatras
5516,5516
2993,2993
3837,Patte
3475,Tatras
6179,6179
2522,2522
4277,4277
762,Patte
4317,Patte
965,Tatras
579,Patte
792,Patte
5819,5819
4853,4853
6264,Patte
2971,2971
5559,Patte
761,761
5120,Tatras
388,388
847,847
3860,Tatras
3530,Tatras
2292,Patte
5321,5321
2934,Patte
5788,5788
2696,2696
4264,4264
1552,1552
2843,2843
5656,5656
1023,Patte
1195,Tatras
3788,3788
778,778
2904,Patte
5091,Patte
4306,4306
4028,4028
4189,4189
5820,Pattatras
3163,3163
6083,6083
3939,Patte
1738,1738
3361,3361
902,902
5671,5671
3604,3604
3899,3899
451,451
6118,6118
5638,5638
744,Patte
5054,5054
236,236
4781,4781
2490,Pattatras
5357,5357
432,Patte
2196,Patte
5859,Patte
700,Tatras
6288,Patte
1115,Tatras
4828,4828
3191,3191
1666,1666
5235,Pattatras
5631,Patte
5874,Patte
6361,6361
6425,Tatras
1014,Patte
5354,5354
2704,2704
2300,Tatras
523,523
1055,Tatras
1723,1723
4371,Patte
1427,1427
1065,Pattatras
6278,6278
2194,2194
3894,Patte
6013,6013
1514,1514
4387,4387
3981,Patte
2636,2636
1579,1579
1418,1418
4491,Patte
6231,Patte
5764,5764
864,Patte
1833,Patte
1005,Pattatras
4776,Patte
1495,Tatras
809,809
2988,Patte
3726,Patte
3302,3302
4730,Tatras
225,Pattatras
2889,Patte
5136,Patte
5746,5746
6350,Tatras
387,Patte
5529,Patte
6160,Tatras
2828,2828
3201,Patte
15,Pattatras
3512,3512
1411,1411
5245,Tatras
2673,Patte
4997,4997
6455,Tatras
5511,Patte
4074,Patte
5709,Patte
316,316
3536,3536
114,Patte
199,199
1585,Tatras
4240,Tatras
2955,Pattatras
2348,2348
3690,Pattatras
2177,2177
5823,Patte
5693,5693
3012,Patte
395,Tatras
4034,4034
5035,Tatras
5038,5038
1404,Patte
224,224
3465,Pattatras
1254,Patte
2867,2867
3006,Patte
5189,5189
3886,3886
5703,Patte
2620,Tatras
2587,2587
2851,2851
4257,Patte
4727,4727
79,79
5663,5663
4684,4684
2268,Patte
4775,Tatras
3222,Patte
475,Tatras
3038,3038
5879,5879
1825,Tatras
2953,2953
628,628
3973,3973
2643,Patte
1296,Patte
2902,2902
5687,5687
4426,4426
409,409
7,7
3443,3443
839,839
5645,Tatras
3113,3113
2186,2186
458,458
5683,5683
1785,Pattatras
825,Pattatras
4842,Patte
685,Tatras
4327,4327
3085,Tatras
1197,Patte
6261,Patte
1458,Patte
2645,Tatras
5727,Patte
3202,3202
4126,4126
1496,1496
234,Patte
1374,Patte
4913,4913
2011,2011
2083,2083
5349,Patte
416,416
5634,Patte
3504,Patte
989,989
4601,4601
2930,Tatras
5352,Patte
5487,Patte
600,Pattatras
118,118
3879,Patte
3347,3347
6112,6112
5583,Patte
5062,5062
359,359
1201,1201
2193,Patte
4452,Patte
3903,Patte
1658,1658
1532,1532
2773,2773
5318,5318
800,Tatras
711,Patte
3365,Tatras
6225,Pattatras
5071,5071
1846,1846
5991,Patte
2431,2431
580,Tatras
3952,3952
5290,Tatras
3179,3179
4947,Patte
2616,Patte
1062,Patte
1528,1528
5314,5314
5426,5426
2010,Pattatras
27,Patte
1622,1622
1334,1334
5280,Pattatras
5040,Pattatras
5931,Patte
5067,Patte
4760,Tatras
5834,5834
3257,3257
2649,Patte
1297,1297
1770,Pattatras
6449,6449
348,Patte
696,Patte
1662,Patte
3300,Pattatras
1847,1847
3397,3397
2819,2819
4525,Tatras
5967,Patte
4782,Patte
3487,3487
3749,3749
162,Patte
2080,Tatras
1636,1636
3401,3401
6457,6457
5613,Patte
4183,4183
1619,1619
5792,5792
464,464
1077,Patte
1696,1696
2450,Tatras
4979,4979
5421,Patte
1337,1337
625,Tatras
2129,2129
1137,Patte
2474,2474
326,326
2435,Tatras
3242,3242
4211,4211
2887,2887
165,Pattatras
2865,Pattatras
609,Patte
6290,Tatras
5410,Tatras
3644,3644
3950,Tatras
5299,5299
1576,1576
4216,4216
6230,Tatras
2775,Pattatras
5222,5222
4892,4892
5989,5989
408,Patte
2962,2962
1524,Patte
819,Patte
3167,3167
4266,Patte
4108,4108
3594,Patte
5624,5624
3221,3221
5343,Patte
1865,Tatras
6040,Tatras
132,Patte
3296,3296
2301,Patte
5383,5383
5309,5309
5564,5564
5741,5741
4905,Pattatras
1022,1022
2832,Patte
1215,Pattatras
4883,4883
2115,Pattatras
5796,Patte
229,229
4798,4798
180,Pattatras
2561,2561
2079,Patte
4214,4214
5647,5647
976,976
4925,Tatras
1489,1489
2049,Patte
1559,1559
3944,3944
742,742
112,112
3850,Tatras
822,Patte
4190,Tatras
1936,1936
20,Tatras
970,Tatras
6203,6203
1067,1067
4122,Patte
3654,Patte
5192,5192
848,848
616,616
2866,2866
3516,Patte
5447,5447
6349,6349
5745,Pattatras
6438,Patte
5533,5533
4349,4349
2678,2678
4043,4043
4110,Pattatras
4604,4604
2995,Tatras
3459,Patte
3421,3421
546,Patte
1456,1456
3662,3662
153,Patte
5803,5803
5366,5366
4061,4061
5253,Patte
4340,Tatras
403,403
1718,1718
108,Patte
673,673
2040,Pattatras
2143,2143
6115,Tatras
4793,4793
2498,2498
2870,Tatras
1312,1312
4013,4013
5176,5176
2977,2977
2215,Tatras
835,Tatras
3115,Tatras
499,499
1028,1028
1280,Tatras
1396,1396
4285,Tatras
1033,1033
2923,2923
3,Patte
2022,Patte
2777,2777
2414,2414
757,757
4280,Tatras
2386,2386
324,Patte
2477,2477
4201,4201
5195,Tatras
6407,6407
3102,Patte
2425,Tatras
2999,2999
4284,Patte
2890,Tatras
4068,Patte
5653,5653
718,718
4869,Patte
4539,Patte
3385,Tatras
1742,1742
909,Patte
1877,1877
4529,4529
4751,4751
4447,4447
5987,5987
4396,4396
1353,Patte
4150,Tatras
3318,Patte
6396,Patte
2939,2939
5039,5039
67,67
3171,Patte
2711,2711
2242,2242
2767,2767
2254,2254
4703,4703
2959,2959
6386,6386
5214,Patte
5901,Patte
3503,3503
3417,Patte
3119,3119
703,703
4859,4859
2505,Pattatras
929,929
1093,1093
2723,2723
1348,1348
3823,3823
6039,Patte
1963,1963
4397,4397
5787,Patte
5393,5393
5969,5969
5146,5146
1409,1409
1084,1084
1843,1843
1987,1987
1931,1931
1920,Pattatras
3374,3374
506,506
5070,Pattatras
1725,Pattatras
11,11
5742,Patte
2350,Tatras
4602,Patte
6073,6073
1938,Patte
735,Pattatras
1634,1634
3335,Tatras
1119,Patte
5009,5009
1362,Patte
2874,Patte
5569,5569
4153,4153
5441,5441
5328,Patte
3087,Patte
1799,1799
865,Tatras
1162,1162
5946,Patte
5994,Patte
689,689
3243,Patte
1965,Pattatras
5904,Patte
4810,Tatras
5961,Patte
4323,Patte
323,323
1466,1466
303,Patte
4840,Tatras
3241,3241
2646,Patte
2107,2107
2812,2812
564,Patte
3386,3386
4904,4904
4268,4268
1837,1837
3790,Tatras
1536,Patte
1615,Tatras
5615,Tatras
4826,4826
6012,Patte
517,517
158,158
4609,4609
6147,Patte
2940,Pattatras
1503,Patte
4232,4232
6314,6314
5858,5858
5644,5644
6066,Patte
2492,2492
4407,Patte
1897,1897
3616,3616
5720,Tatras
3942,Patte
5437,5437
3024,Patte
3960,Pattatras
1888,1888
3248,3248
832,832
2201,2201
178,178
2763,Patte
6135,Pattatras
1778,1778
4456,4456
3484,3484
2076,Patte
5915,Tatras
1333,1333
3160,Tatras
1204,1204
5857,5857
2961,Patte
6269,6269
1120,Tatras
898,898
4627,4627
2294,2294
4559,4559
1054,1054
4569,Patte
4599,Patte
6144,Patte
168,Patte
4023,Patte
2339,2339
46,46
5862,Patte
2876,2876
917,917
3629,3629
2132,2132
4917,Patte
4121,4121
1222,1222
5927,5927
4738,4738
366,Patte
2430,Pattatras
4606,4606
2804,2804
478,478
1996,1996
4084,4084
5657,5657
4313,4313
5068,5068
2167,2167
2637,Patte
3046,3046
5607,Patte
1009,1009
3704,3704
3619,3619
3796,3796
6443,6443
2914,2914
3343,3343
241,241
6318,Patte
6223,6223
214,214
1012,1012
2807,2807
3493,3493
5680,Tatras
5660,Tatras
2240,Tatras
4363,4363
3453,Patte
1461,Patte
5,Tatras
3446,3446
620,Tatras
5599,5599
5958,Patte
6136,6136
2263,2263
1457,1457
4593,Patte
6056,6056
4469,4469
2072,2072
873,Patte
3684,Patte
6177,Patte
222,Patte
6292,6292
1391,1391
3275,Tatras
2504,2504
5215,Tatras
2144,2144
2426,2426
756,Patte
5399,5399
3399,Patte
1506,Patte
574,574
5831,5831
111,Patte
1881,Patte
487,487
5837,5837
5020,Tatras
632,632
1290,Pattatras
1156,1156
3490,Tatras
2868,Patte
5110,Tatras
1316,1316
3251,3251
2907,Patte
5542,5542
1941,Patte
2927,2927
3019,3019
3688,3688
4948,4948
3683,3683
4125,Pattatras
5721,Patte
1713,Patte
4649,4649
4409,4409
476,476
1934,1934
2517,Patte
2811,Patte
496,496
1320,Pattatras
3136,3136
669,Patte
164,164
4548,Patte
84,Patte
5518,5518
3843,Patte
1189,1189
1309,1309
4303,4303
2795,Tatras
4424,4424
3661,3661
5037,Patte
3363,Patte
1850,Tatras
3924,Patte
4067,4067
1437,Patte
4066,4066
2787,Patte
216,Patte
591,Patte
5330,Tatras
1045,Tatras
459,Patte
6385,Tatras
2820,Pattatras
615,Pattatras
2236,2236
759,Patte
3896,3896
5917,5917
2881,2881
5048,5048
3379,3379
2731,2731
4995,Pattatras
1073,1073
3016,3016
455,Tatras
3954,Patte
5968,5968
1796,1796
5408,5408
751,751
3656,3656
1534,1534
5228,5228
3977,3977
1529,1529
358,358
6445,Tatras
1674,Patte
692,692
771,Patte
893,893
1095,Pattatras
2233,2233
1813,1813
4849,4849
5669,5669
5084,5084
4674,Patte
5238,Patte
1991,1991
3792,Patte
4020,Pattatras
1342,1342
1015,Tatras
3449,3449
4388,4388
5633,5633
3914,3914
788,788
1071,Patte
4149,Patte
698,698
100,Tatras
3553,3553
1937,1937
5821,5821
3170,Tatras
74,74
4957,4957
5200,Tatras
2009,2009
2148,Patte
1199,1199
6352,6352
2454,Patte
3091,3091
2313,Patte
5000,Tatras
2036,2036
5440,Tatras
4193,4193
3592,3592
3463,3463
5231,5231
1061,1061
313,313
39,Patte
3701,3701
4474,4474
4969,4969
2311,2311
1972,1972
2523,Patte
2871,Patte
1016,1016
926,926
6255,Pattatras
5521,5521
2087,2087
2264,2264
6258,Patte
5022,Patte
701,701
2235,Pattatras
5412,Patte
2547,Patte
3232,3232
4504,4504
6143,6143
4329,Patte
1020,Pattatras
4807,4807
4970,Tatras
6279,Patte
4357,4357
5385,Pattatras
549,Patte
614,614
5134,5134
3946,3946
5642,5642
4448,4448
6260,Tatras
4459,4459
3025,Tatras
1313,1313
1703,1703
4089,Patte
1462,1462
1926,Patte
714,Patte
1090,Tatras
116,116
1740,Pattatras
1439,1439
6450,Pattatras
356,356
5730,Pattatras
1772,1772
5031,Patte
4538,4538
3488,3488
1844,1844
3919,3919
5364,Patte
4603,4603
1864,1864
4069,4069
462,Patte
6371,6371
3549,Patte
5001,Patte
5152,5152
730,Tatras
2184,Patte
2387,2387
255,Pattatras
2855,Tatras
5019,Patte
1375,Tatras
4172,4172
150,Pattatras
3341,3341
509,509
212,212
1630,Tatras
650,Tatras
3907,3907
3064,3064
1325,Tatras
1802,1802
5332,5332
4845,Pattatras
2017,2017
3575,Tatras
3377,3377
858,Patte
4765,Tatras
764,764
34,34
2024,2024
14,14
958,958
3832,3832
4416,Patte
1367,1367
391,391
3750,Pattatras
2212,2212
4160,Tatras
2515,Tatras
6076,6076
1832,1832
2433,Patte
1818,Patte
3537,Patte
528,Patte
3403,3403
3355,Tatras
2595,Pattatras
5547,Patte
4494,Patte
554,554
1780,Tatras
1153,1153
2335,Tatras
2432,2432
4637,4637
2534,2534
4238,4238
866,866
5065,Tatras
3256,3256
1116,Patte
1271,1271
3387,Patte
4004,4004
3676,3676
4644,Patte
233,233
396,Patte
1144,1144
3316,3316
4279,4279
30,Pattatras
156,Patte
1500,Pattatras
4394,4394
2700,Pattatras
4544,4544
2915,Tatras
4728,Patte
2845,Tatras
3348,Patte
4237,4237
5962,5962
4619,4619
4829,4829
5827,5827
763,763
5850,Pattatras
342,Patte
4433,4433
980,Tatras
1486,1486
336,Patte
4868,4868
493,493
2045,Tatras
3774,Patte
2737,2737
2458,2458
1726,1726
5166,Patte
3692,3692
2116,2116
2886,Patte
4473,Patte
3679,3679
5467,5467
6063,Patte
5997,Patte
5932,5932
5220,Pattatras
901,901
4586,4586
3369,Patte
6155,Tatras
3198,Patte
6125,Tatras
3904,3904
2692,2692
6309,Patte
3317,3317
3381,Patte
6042,Patte
3748,3748
4695,Pattatras
5438,5438
3481,3481
3532,3532
3031,3031
1393,1393
470,Tatras
876,Patte
1387,1387
577,577
5751,Patte
3220,Tatras
2468,2468
4236,Patte
4195,Tatras
6299,6299
117,Patte
3259,3259
2028,Patte
5273,5273
2261,2261
6242,6242
781,781
2973,Patte
33,Patte
1223,1223
4865,Tatras
5921,5921
1842,Patte
548,548
6319,6319
4091,4091
5419,5419
3026,3026
4391,4391
6187,6187
691,691
227,227
6151,6151
6304,6304
6064,6064
3888,Patte
4594,4594
5659,5659
731,731
2276,2276
142,142
2334,Patte
4733,4733
3148,3148
6141,Patte
2991,Patte
2514,Patte
1237,1237
2250,Pattatras
4315,Tatras
6129,Patte
2817,Patte
870,Pattatras
1519,1519
6026,6026
1675,Tatras
4800,Pattatras
6433,6433
1665,Pattatras
931,931
3814,3814
2124,Patte
3501,Patte
5118,Patte
6249,Patte
6123,Patte
6247,6247
1741,1741
2794,2794
2938,2938
5128,5128
2004,Patte
4581,Patte
6243,Patte
3456,Patte
905,Tatras
5739,Patte
5355,Pattatras
2323,2323
1321,1321
6360,Pattatras
5418,Patte
4722,Patte
971,971
6003,Patte
2469,Patte
6330,Pattatras
1656,Patte
4656,Patte
3988,3988
4561,4561
4024,4024
5005,Tatras
3047,3047
5985,Pattatras
557,557
2827,2827
5429,5429
6028,6028
3540,Pattatras
2518,2518
3797,3797
5411,5411
3640,Tatras
5262,Patte
4633,4633
1712,1712
5379,Patte
1992,Patte
5230,Tatras
2499,Patte
3393,Patte
4710,Pattatras
2741,2741
5088,Patte
2383,2383
6053,6053
5794,5794
4213,4213
1512,Patte
2575,Tatras
3143,3143
3132,Patte
2782,2782
4166,4166
2057,2057
774,Patte
5394,Patte
2187,Patte
4804,4804
960,Pattatras
1205,Tatras
4676,4676
3531,Patte
4901,4901
627,Patte
1340,Tatras
1464,Patte
1274,1274
4157,4157
5598,Patte
5457,Patte
5291,5291
3747,Patte
1752,Patte
3476,3476
261,Patte
4018,4018
1194,Patte
2949,Patte
4946,4946
2392,2392
2533,2533
2824,2824
2206,2206
4851,Patte
2831,2831
4438,4438
3094,3094
1608,Patte
2895,Pattatras
38,38
2460,Pattatras
4492,4492
1545,Pattatras
2417,2417
5453,5453
4471,4471
1690,Tatras
2373,Patte
2238,Patte
3935,Tatras
561,Patte
5148,Patte
6116,6116
4221,Patte
5044,5044
5731,5731
4978,4978
3028,3028
5808,Patte
3029,3029
2355,Pattatras
3359,3359
1182,Patte
5296,5296
4272,Patte
5811,Patte
6382,6382
4632,Patte
2333,2333
2954,2954
486,Patte
4356,Patte
2356,2356
3965,Tatras
3190,Tatras
5346,Patte
5211,Patte
66,Patte
2290,Tatras
4915,Tatras
3803,3803
2749,2749
1947,Patte
2090,Tatras
4052,4052
4031,4031
2353,2353
5936,5936
3313,3313
3835,Tatras
1872,Patte
3885,Pattatras
4318,4318
4210,Tatras
1069,1069
3303,Patte
2293,2293
6333,Patte
3099,Patte
187,187
6078,Patte
4833,Patte
1050,Pattatras
5058,Patte
6437,6437
5886,Patte
2297,2297
515,Tatras
6430,Tatras
4857,Patte
2706,Patte
3270,Pattatras
160,Tatras
4749,Patte
6395,Tatras
1913,1913
5592,Patte
2388,Patte
4541,4541
3791,3791
2013,Patte
6006,Patte
5348,5348
3635,Tatras
6110,Tatras
4714,4714
3020,Tatras
4622,4622
1139,1139
5363,5363
907,907
1637,1637
551,551
3561,Patte
6354,Patte
5079,Patte
5259,Patte
3274,3274
123,Patte
4600,Tatras
2465,Tatras
4293,Patte
1000,Tatras
3717,Patte
3892,3892
1398,Patte
3507,Patte
1235,Tatras
5017,5017
3233,3233
2403,Patte
1410,Pattatras
5842,5842
4408,4408
2647,2647
5057,5057
816,Patte
3875,Tatras
2594,2594
1758,Patte
453,Patte
1809,Patte
4483,4483
1653,Patte
1817,1817
5762,5762
422,422
4298,4298
818,818
1580,Tatras
2374,2374
3833,3833
813,Patte
1961,1961
3264,Patte
436,436
1526,1526
377,377
4027,4027
5295,Pattatras
1035,Pattatras
3610,Tatras
2274,Patte
2296,2296
6119,6119
5312,5312
1810,Tatras
5978,5978
5506,5506
5903,5903
2337,Patte
401,401
4706,4706
5076,Patte
1773,Patte
2677,2677
495,Pattatras
1294,1294
5512,5512
1349,1349
2345,Tatras
734,734
2095,Tatras
6229,6229
3106,3106
1113,Patte
4124,4124
6398,6398
1993,1993
834,Patte
4425,Pattatras
1777,1777
2209,2209
3972,Patte
4785,Pattatras
340,Tatras
6166,6166
3541,3541
4449,Patte
3080,Tatras
829,829
4032,Patte
5367,Patte
3806,3806
6259,6259
3932,3932
1862,1862
2880,Pattatras
1111,1111
4615,Tatras
382,382
2849,2849
4620,Pattatras
974,974
4331,4331
3900,Pattatras
3255,Pattatras
6322,6322
5138,5138
1659,Patte
3043,3043
4301,4301
1356,Patte
5522,5522
823,823
6206,6206
5999,5999
2801,2801
3333,Patte
4083,Patte
4989,Patte
4342,4342
4724,4724
892,892
3681,Patte
3720,Pattatras
1339,1339
1304,1304
3151,3151
2441,2441
6215,Tatras
95,Tatras
1756,1756
2464,2464
5324,5324
844,844
667,667
527,527
2244,Patte
6022,6022
5174,5174
1329,Patte
5210,Tatras
1343,1343
1136,1136
147,Patte
2111,2111
4769,4769
4677,Patte
3077,3077
1186,1186
5432,5432
2164,2164
4507,4507
2256,Patte
3400,Tatras
1830,Pattatras
447,Patte
4998,Patte
2113,2113
2449,2449
3630,Pattatras
4587,Patte
4870,Tatras
2826,Patte
3751,3751
2975,Tatras
4520,Tatras
5570,Tatras
4046,4046
5621,5621
666,Patte
2823,Patte
1663,1663
2320,Tatras
3918,Patte
2544,Patte
1212,Patte
817,817
5313,Patte
2089,2089
2483,2483
5964,Patte
6246,Patte
4454,4454
2926,2926
4040,Tatras
3452,3452
5700,Pattatras
1432,1432
3468,Patte
2900,Tatras
6048,Patte
1160,Tatras
1132,1132
648,Patte
2203,2203
5795,Tatras
5032,5032
797,797
2222,2222
2686,2686
3993,Patte
3731,3731
565,Tatras
2205,Pattatras
2774,2774
4044,Patte
1618,1618
4855,Tatras
4235,Tatras
6289,6289
2835,Pattatras
2182,2182
5442,Patte
5250,Pattatras
6257,6257
5744,5744
5777,5777
3568,3568
2630,Tatras
1621,1621
2314,2314
879,Patte
4063,4063
86,86
5285,Tatras
5673,Patte
113,113
1102,1102
4927,4927
5086,5086
5930,Tatras
1650,Pattatras
4479,Patte
881,881
6075,Pattatras
3078,Patte
2112,Patte
3059,3059
3229,3229
558,Patte
2698,2698
2884,2884
6152,6152
5270,Tatras
3178,3178
3472,3472
5923,5923
8,8
1430,Tatras
2791,2791
4442,4442
1032,Patte
2267,2267
3306,Patte
2487,Patte
526,526
1086,Patte
353,353
2680,Tatras
4496,4496
5610,Pattatras
5016,Patte
531,Patte
6344,6344
4918,4918
1890,Pattatras
4289,4289
6391,6391
4378,4378
2933,2933
1217,1217
6199,6199
4337,4337
1886,1886
2496,Patte
2478,Patte
4505,Tatras
654,Patte
1631,1631
5340,Pattatras
5766,Patte
2702,2702
2543,2543
3771,Patte
2101,2101
566,566
3818,3818
6159,Patte
2185,Tatras
484,484
4521,Patte
5616,Patte
6068,6068
6093,Patte
3593,3593
2304,Patte
1079,1079
3779,3779
6266,6266
4078,4078
2439,Patte
1278,Patte
612,Patte
4557,Patte
405,Pattatras
5284,5284
6132,Patte
5902,5902
2056,2056
3117,Patte
2945,Tatras
4932,Patte
4502,4502
535,Tatras
4577,4577
5232,Patte
2658,Patte
1522,1522
4406,4406
857,857
5198,5198
26,26
2044,2044
2860,Tatras
3767,3767
4653,Patte
2023,2023
4314,Patte
5558,5558
2979,Patte
4361,4361
2367,Patte
2694,Patte
545,Tatras
3716,3716
4534,4534
4574,4574
6295,Tatras
3689,3689
5108,5108
1011,Patte
1013,1013
3631,3631
5248,5248
5392,5392
1863,Patte
3614,3614
2545,Tatras
4723,4723
2364,Patte
4867,4867
3781,3781
5965,Tatras
51,Patte
3660,Pattatras
6205,Tatras
2456,2456
2963,2963
5520,Pattatras
5701,5701
1478,1478
4463,4463
4047,Patte
1645,Tatras
3632,3632
155,Tatras
5006,5006
4231,4231
4208,4208
6088,6088
4186,4186
4498,4498
3431,3431
889,889
5894,5894
4192,4192
6432,Patte
1344,Patte
2589,Patte
1831,1831
1946,1946
3246,Patte
3086,3086
3620,Tatras
3585,Pattatras
3870,Pattatras
5168,5168
6002,6002
5414,5414
5395,Tatras
4584,Patte
2957,2957
2482,2482
64,64
258,Patte
367,367
1735,Tatras
3601,3601
1326,Patte
1234,1234
3188,3188
5132,5132
4400,Tatras
2393,2393
605,Tatras
723,Patte
4382,4382
1377,Patte
1883,1883
3342,Patte
1300,Tatras
862,862
5072,5072
4712,4712
4339,4339
4786,4786
3550,Tatras
3677,3677
877,877
2277,Patte
2885,Tatras
3687,Patte
4401,Patte
1030,Tatras
58,58
73,73
3649,3649
2231,2231
1592,1592
3696,Patte
3889,3889
6400,Tatras
2074,2074
1043,1043
2803,2803
6072,Patte
5496,Patte
2746,2746
3854,3854
4527,Patte
90,Pattatras
2096,2096
3018,Patte
2513,2513
1098,Patte
3890,Tatras
5271,Patte
690,Pattatras
4412,4412
3272,3272
4261,4261
4481,4481
1370,Tatras
3535,Tatras
5843,5843
4778,4778
1010,Tatras
4820,Tatras
3423,Patte
2863,2863
1704,Patte
1892,1892
3607,3607
903,Patte
2481,Patte
4165,Tatras
4919,4919
6034,6034
2793,Patte
81,Patte
5300,Tatras
2270,Tatras
293,293
2607,Patte
940,Tatras
4745,Tatras
4872,Patte
4345,Tatras
3510,Pattatras
1243,1243
563,563
3969,Patte
3563,3563
4484,4484
3223,3223
1986,Patte
2281,2281
3346,3346
6383,6383
1876,1876
3524,3524
2154,Patte
2227,2227
2869,2869
3261,Patte
4346,4346
6416,6416
2191,2191
4860,Pattatras
4291,4291
181,181
6340,Tatras
2585,Tatras
2120,Tatras
2443,2443
1324,1324
3071,3071
5315,Tatras
5869,5869
281,281
3560,Tatras
5369,5369
4813,4813
611,611
3239,3239
908,908
3734,3734
3752,3752
44,44
4225,Tatras
4554,Patte
6004,6004
4772,4772
1565,Tatras
956,956
1048,1048
3542,3542
166,166
5689,5689
4458,Patte
185,Tatras
4881,Patte
2725,Tatras
1482,Patte
5252,5252
272,272
571,571
3121,3121
5433,Patte
5953,5953
5817,Patte
2810,Tatras
1171,1171
1925,Tatras
1643,1643
3204,Patte
4694,4694
3963,Patte
3128,3128
5911,5911
803,803
6307,6307
2966,2966
4354,4354
5668,5668
2046,Patte
2275,Tatras
5289,Patte
4482,Patte
1185,Pattatras
5666,5666
2714,2714
1999,1999
3149,3149
5409,Patte
6055,Tatras
2621,2621
3804,Patte
1885,Tatras
2475,Pattatras
6356,6356
1275,Pattatras
837,Patte
5286,Patte
3183,Patte
3650,Tatras
5103,Patte
4766,4766
2272,2272
5325,Pattatras
2251,2251
1838,1838
6256,6256
4564,4564
4672,4672
2309,2309
1220,Tatras
5185,Tatras
322,322
806,806
4145,Tatras
5319,Patte
89,89
6029,6029
4514,4514
4053,Patte
3668,3668
4645,Tatras
136,136
5723,5723
4666,4666
4832,4832
990,Pattatras
3140,Tatras
6111,Patte
3292,3292
4758,Patte
4580,Tatras
5025,Pattatras
5459,5459
3322,3322
590,Tatras
3578,3578
1884,Patte
2401,2401
4286,4286
1784,1784
2055,Pattatras
3807,Patte
2178,Patte
5934,Patte
5979,Patte
1133,1133
1572,Patte
474,Patte
2833,2833
6369,Patte
1976,1976
3657,Patte
3714,Patte
2910,Pattatras
4536,Patte
279,Patte
5913,Patte
1176,Patte
2287,2287
305,Tatras
2382,Patte
3830,Tatras
4335,Pattatras
211,211
3109,3109
4305,Pattatras
3509,3509
4719,Patte
3433,3433
4120,Tatras
4206,Patte
5970,Pattatras
3185,Tatras
5099,5099
3466,3466
161,161
4199,4199
772,772
5714,5714
2648,2648
3474,Patte
3808,3808
1639,1639
4898,4898
3288,Patte
3321,Patte
2341,2341
2071,2071
3675,Pattatras
2405,Tatras
4787,4787
2786,2786
1175,Tatras
5402,5402
3430,Tatras
235,Tatras
1711,1711
5274,Patte
1435,Tatras
1841,1841
5754,Patte
4309,4309
380,Tatras
5507,5507
3869,3869
4064,4064
3195,Pattatras
5567,5567
1470,Pattatras
4012,4012
2151,Patte
2825,Tatras
5603,5603
4983,Patte
4055,Tatras
2160,Pattatras
399,Patte
5381,5381
2445,Pattatras
1154,1154
4436,4436
3659,3659
2960,Tatras
910,Tatras
4359,Patte
594,Patte
419,419
271,271
3621,Patte
5144,5144
6212,6212
6451,6451
483,Patte
1126,1126
3778,3778
5254,5254
3412,3412
4830,Pattatras
3402,Patte
5125,Tatras
5389,5389
3776,3776
3773,3773
448,448
1583,1583
1423,1423
2997,Patte
1336,1336
3910,Tatras
3913,3913
1295,Tatras
1170,Pattatras
6313,6313
2438,2438
6218,6218
1672,1672
1469,1469
5375,Tatras
5087,5087
1730,Tatras
6436,6436
1693,1693
5293,5293
3447,Patte
3389,3389
3260,Tatras
381,Patte
4487,4487
3597,Patte
2715,Pattatras
2510,Tatras
3040,Tatras
5089,5089
4062,Patte
3906,Patte
2218,2218
3177,Patte
5046,Patte
52,52
3483,Patte
5508,Patte
4914,Patte
4178,4178
4605,Pattatras
1104,Patte
289,289
520,Tatras
6184,6184
231,Patte
5085,Pattatras
5483,5483
4030,Tatras
2778,Patte
2853,Patte
4351,4351
1499,1499
880,Tatras
5358,Patte
1363,1363
2726,2726
820,Tatras
4744,4744
4434,Patte
2170,Tatras
2070,Pattatras
4910,Tatras
468,Patte
3703,3703
1,1
4610,Tatras
1082,1082
1037,1037
750,Pattatras
4743,Patte
856,856
302,302
75,Pattatras
4531,4531
3247,3247
357,Patte
85,Tatras
4168,4168
1083,Patte
3252,Patte
4114,4114
3987,Patte
4328,4328
588,Patte
5534,5534
4823,4823
1691,1691
385,Tatras
4720,Tatras
1800,Pattatras
4175,Tatras
3354,Patte
2898,Patte
2038,2038
6454,6454
807,Patte
488,488
3641,3641
592,592
584,584
2611,2611
3352,3352
3406,3406
5690,Tatras
5662,5662
3155,Tatras
3061,3061
325,Tatras
1751,1751
3289,3289
2461,2461
697,697
4565,Tatras
1795,Tatras
4202,4202
1251,Patte
3216,Patte
3418,3418
5824,5824
5472,Patte
2719,2719
437,437
5405,Tatras
3851,3851
2338,2338
6380,Tatras
3228,Patte
6320,Tatras
4558,4558
4146,Patte
1781,1781
2734,2734
2703,Patte
2325,Pattatras
6051,Patte
3307,3307
5812,5812
2537,2537
3498,Patte
2014,2014
3003,Patte
5217,Patte
5050,Tatras
6343,6343
4777,4777
4911,Patte
1808,1808
2639,2639
1118,1118
2768,2768
4792,4792
1224,Patte
1957,1957
5626,5626
923,923
6035,Tatras
78,Patte
1322,1322
3276,Patte
5702,5702
2858,2858
1260,Pattatras
13,13
1392,Patte
677,677
3219,Patte
3766,3766
5491,5491
5907,Patte
4992,Patte
3636,Patte
2037,Patte
6018,Patte
897,Patte
151,151
1310,Tatras
4049,4049
2609,2609
5139,Patte
2633,2633
4612,4612
1434,Patte
4555,Tatras
5980,Tatras
5165,Tatras
2667,Patte
589,589
355,Tatras
1183,1183
2577,Patte
343,343
6204,Patte
5832,Patte
3184,3184
440,Tatras
1804,1804
1328,1328
4585,Tatras
5950,Tatras
505,Tatras
5973,Patte
314,314
2137,2137
4488,Patte
2818,2818
933,Patte
3872,3872
3718,3718
1140,Pattatras
5159,5159
4647,Patte
1341,Patte
5815,Tatras
3948,Patte
1705,Tatras
3822,Patte
1047,Patte
3770,Tatras
2879,2879
2690,Tatras
1604,1604
2512,2512
5425,Tatras
722,722
5758,5758
854,854
1001,1001
259,259
5882,5882
6272,6272
1746,Patte
6079,6079
1845,Pattatras
3205,Tatras
5063,5063
842,842
3001,3001
2920,Tatras
12,Patte
2987,2987
2549,2549
2511,Patte
5535,Pattatras
4200,Pattatras
3864,Patte
21,Patte
5971,5971
1598,1598
4621,4621
4444,4444
3856,3856
3437,3437
1400,Tatras
4705,Tatras
2624,2624
6074,6074
4669,4669
2332,2332
1384,1384
2237,2237
6038,6038
2854,2854
2565,Pattatras
5153,5153
2395,Tatras
5181,Patte
1088,1088
1923,Patte
3586,3586
4403,4403
4116,Patte
4384,4384
975,Pattatras
3362,3362
249,Patte
2520,Pattatras
5878,5878
5582,5582
4890,Pattatras
384,Patte
4988,4988
2066,2066
1647,Patte
5576,5576
1840,Tatras
239,239
4087,4087
3638,3638
3810,Pattatras
849,Patte
6412,6412
521,521
5767,5767
5957,5957
2149,2149
3305,Tatras
4964,4964
2110,Tatras
542,542
5920,Tatras
3863,3863
3702,Patte
5036,5036
3209,3209
4241,4241
6086,6086
3846,Patte
3634,3634
1574,1574
5492,5492
99,Patte
1200,Pattatras
3871,3871
6236,6236
3544,3544
5658,Patte
5206,5206
1652,1652
4863,Patte
2423,2423
3612,Patte
2126,2126
341,341
1327,1327
855,Pattatras
3395,Tatras
5161,5161
4368,Patte
4325,Tatras
3725,Tatras
4501,4501
550,Tatras
4455,Pattatras
177,Patte
4790,Tatras
1548,Patte
1791,Patte
2829,Patte
1599,Patte
2282,2282
2844,Patte
4204,4204
1129,1129
3390,Pattatras
777,Patte
5912,5912
2569,2569
5940,Pattatras
1125,Pattatras
352,352
3551,3551
498,Patte
2306,2306
2634,Patte
5881,5881
5081,5081
4399,4399
5771,5771
5890,Tatras
373,373
417,Patte
1683,Patte
4838,4838
6207,Patte
5893,5893
4952,4952
2744,2744
2495,Tatras
2155,Tatras
518,518
911,911
4708,4708
4299,Patte
3265,Tatras
768,Patte
4050,Pattatras
6282,Patte
4259,4259
1701,Patte
4415,Tatras
1904,1904
3428,3428
1347,Patte
304,304
273,Patte
760,Tatras
457,457
5137,5137
5113,5113
1210,Tatras
4104,Patte
1163,1163
6156,Patte
2130,Pattatras
5697,Patte
4954,4954
402,Patte
5160,Pattatras
4739,4739
6099,Patte
536,536
2407,2407
1053,Patte
134,134
4290,Pattatras
4162,4162
2693,2693
5260,Tatras
851,851
6142,6142
2597,2597
2048,2048
1719,Patte
5554,5554
1964,1964
4244,4244
5377,5377
2970,Pattatras
372,Patte
936,Patte
3240,Pattatras
5078,5078
3122,3122
993,Patte
6439,6439
218,218
5552,5552
3334,3334
5829,Patte
1308,Patte
5188,5188
4113,Patte
3611,3611
3258,Patte
1277,1277
3546,Patte
3226,3226
1172,1172
210,Pattatras
5155,Tatras
4748,4748
1096,1096
3103,3103
6316,6316
3508,3508
5382,Patte
3295,Tatras
4144,4144
4222,4222
2253,Patte
1109,1109
3331,3331
4092,Patte
1949,1949
2809,2809
5263,5263
3671,3671
833,833
3039,Patte
3066,Patte
899,899
4874,4874
1577,1577
3724,3724
5949,Patte
1629,Patte
5150,Tatras
3081,Patte
1475,Tatras
2050,Tatras
4203,Patte
4713,Patte
6384,Patte
1553,1553
6164,6164
1854,Patte
4922,4922
1429,1429
4843,4843
5243,5243
2969,2969
4725,Pattatras
5589,Patte
1649,1649
2989,2989
6121,6121
3815,Tatras
2806,2806
2448,Patte
5876,5876
1372,1372
4861,4861
5761,5761
2903,2903
2662,2662
2103,Patte
3605,Tatras
3211,3211
3802,3802
4816,4816
1681,1681
1591,1591
43,43
1206,Patte
2743,2743
3655,Tatras
1152,Patte
6036,Patte
6238,6238
3984,Patte
5956,5956
3626,3626
2928,Patte
3787,3787
5488,5488
1059,Patte
3337,3337
5469,Patte
3937,3937
4493,4493
5197,5197
5897,5897
5556,Patte
1143,Patte
5530,Tatras
17,17
765,Pattatras
1440,Pattatras
3168,Patte
1311,Patte
3867,Patte
2718,Patte
2480,Tatras
1106,1106
5752,5752
773,773
6071,6071
4608,Patte
1596,Patte
6368,6368
3529,3529
3427,3427
1985,Tatras
3877,3877
3045,Pattatras
6195,Pattatras
4762,4762
4847,4847
3436,3436
4516,4516
4547,4547
6122,6122
1978,1978
2653,2653
4670,Tatras
796,796
1276,1276
128,128
3786,Patte
2146,2146
5288,5288
1040,Tatras
3780,Pattatras
4380,Pattatras
5753,5753
583,583
4990,Tatras
2816,2816
6240,Pattatras
6277,6277
1539,Patte
2629,2629
869,869
5580,Pattatras
3923,3923
482,482
4871,4871
1420,Tatras
1790,Tatras
5397,Patte
2837,2837
6294,Patte
4432,4432
1805,Tatras
4051,4051
2752,2752
593,593
5937,Patte
2026,2026
5526,Patte
4682,4682
2681,2681
4336,4336
633,Patte
1068,Patte
1989,Patte
2273,2273
5201,5201
1595,Tatras
1561,1561
6133,6133
245,Tatras
37,37
3912,Patte
4076,4076
5484,Patte
5736,Patte
6355,Tatras
530,Tatras
5121,Patte
2213,2213
4626,Patte
48,Patte
5242,5242
5922,Patte
2234,2234
5774,5774
5362,5362
4657,4657
4489,4489
3829,3829
102,Patte
828,Patte
5630,Tatras
3941,3941
4191,Patte
404,404
1117,1117
3746,3746
6015,Pattatras
2623,2623
5204,5204
754,754
2911,2911
747,Patte
2312,2312
3577,3577
2965,Tatras
467,467
782,782
4923,Patte
450,Pattatras
5790,Pattatras
92,92
4467,Patte
1907,1907
4297,4297
639,Patte
3249,Patte
4307,4307
3971,3971
1105,Tatras
4834,4834
6409,6409
814,814
2140,Tatras
3444,Patte
1620,Pattatras
3721,3721
2067,Patte
6420,Pattatras
3042,Patte
2053,2053
3920,Tatras
6108,Patte
1749,Patte
3088,3088
130,Tatras
3035,Tatras
4696,4696
491,491
5276,5276
5360,Tatras
5579,5579
1967,1967
3277,3277
60,Pattatras
1814,1814
1798,1798
606,Patte
6077,6077
2472,Patte
5187,Patte
247,247
4575,Pattatras
2974,2974
5154,Patte
4763,4763
4912,4912
887,887
4355,Tatras
2755,Tatras
1025,Tatras
2612,2612
2291,2291
3824,3824
2061,Patte
1869,Patte
5941,5941
3010,Tatras
5026,5026
746,746
5361,Patte
883,883
3063,Patte
1764,Patte
5097,Patte
1962,Patte
4273,4273
5617,5617
2502,Patte
4131,Patte
753,Patte
5384,5384
6162,Patte
3741,Patte
5665,Tatras
5825,Tatras
2122,2122
98,98
6196,6196
1661,1661
1734,Patte
2635,Tatras
5974,5974
2042,2042
3126,Patte
4628,4628
5182,5182
4177,4177
5196,Patte
1034,1034
5460,Pattatras
1002,Patte
957,Patte
5066,5066
1880,Tatras
1709,1709
3212,3212
657,Patte
5782,5782
2280,Pattatras
2641,2641
2199,Patte
1476,Patte
1801,1801
3570,Pattatras
3469,3469
2147,2147
215,Tatras
3753,Patte
4852,4852
5738,5738
1516,1516
4163,4163
604,604
5849,5849
4411,4411
3819,Patte
4596,Patte
5871,Patte
2239,2239
1474,1474
1293,Patte
953,953
292,292
686,686
2442,Patte
982,982
3053,3053
4251,Patte
1359,Patte
5184,Patte
4589,4589
4663,4663
5130,Pattatras
3218,3218
4844,4844
4093,4093
1953,Patte
553,553
3959,3959
4570,Tatras
4761,Patte
5030,Tatras
1644,Patte
5475,Pattatras
2586,Patte
2404,2404
2226,Patte
5724,Patte
347,347
106,106
3994,3994
285,Pattatras
1038,Patte
3262,3262
2695,Tatras
4010,Tatras
1426,1426
4107,Patte
175,Tatras
4470,Pattatras
961,961
1733,1733
3021,Patte
4103,4103
5846,5846
1303,1303
752,752
2943,Patte
1298,1298
1383,Patte
2493,Patte
6019,6019
3408,Patte
3440,Tatras
3325,Tatras
6005,Tatras
5012,5012
1448,1448
6408,Patte
6353,6353
5652,Patte
2365,Tatras
1968,Patte
3048,Patte
3574,3574
2850,Pattatras
2084,2084
3197,3197
267,Patte
1654,1654
5625,Pattatras
5456,5456
268,268
2722,2722
4951,4951
5267,5267
3079,3079
3090,Pattatras
392,392
5481,Patte
568,568
1021,1021
2733,Patte
3382,3382
3758,3758
4372,4372
4234,4234
1492,1492
4795,Tatras
201,Patte
4465,Tatras
5527,5527
6211,6211
246,Patte
1829,1829
3862,3862
1330,Tatras
1389,Patte
1301,1301
2019,Patte
1258,1258
2315,Tatras
1563,Patte
1852,1852
2666,2666
1421,1421
3486,Patte
2497,2497
5929,5929
1557,Patte
6263,6263
1722,Patte
3538,3538
1517,1517
4819,4819
5575,Tatras
2536,2536
729,Patte
2200,Tatras
6120,Pattatras
5218,5218
5156,5156
743,743
6044,6044
2075,Tatras
2018,2018
4537,4537
334,334
2376,Patte
5557,5557
4741,4741
3193,3193
1157,1157
5562,Patte
5563,5563
427,427
3392,3392
779,779
687,Patte
5043,Patte
6293,6293
5566,5566
4986,Patte
5791,5791
3413,3413
6388,6388
5351,5351
5867,5867
3805,Tatras
5895,Pattatras
1971,Patte
5042,5042
2785,Tatras
6054,Patte
3182,3182
204,Patte
1036,1036
1121,1121
1058,1058
5265,Pattatras
3152,3152
96,Patte
449,449
2772,Patte
3742,3742
3351,Patte
3153,Patte
6186,Patte
2847,Patte
3442,3442
959,959
1570,Tatras
5061,Patte
5033,5033
4276,4276
65,Tatras
5338,5338
2882,2882
5661,Patte
3111,Patte
1406,1406
1265,Tatras
318,Patte
105,Pattatras
2555,Tatras
1535,Tatras
275,Tatras
197,197
2002,2002
2249,2249
4105,Tatras
55,Tatras
1484,1484
4239,Patte
3410,Tatras
4042,4042
3172,3172
4718,4718
5133,Patte
3858,Patte
364,364
5264,5264
888,Patte
3513,Patte
3591,Patte
3880,Tatras
912,Patte
5769,Patte
1214,1214
4486,4486
1481,1481
4422,Patte
3380,Tatras
4248,Patte
1896,Patte
3600,Pattatras
4366,4366
205,Tatras
4916,4916
4179,Patte
2289,Patte
5785,Tatras
4965,Pattatras
3925,Tatras
6237,Patte
2025,Pattatras
4563,Patte
988,988
1110,Pattatras
4737,Patte
5307,Patte
3142,3142
4215,Pattatras
1505,Tatras
5074,5074
830,Tatras
5224,5224
1287,Patte
5229,Patte
4546,4546
4073,4073
6201,Patte
4000,Tatras
3764,3764
1019,1019
5677,5677
456,Patte
5191,5191
3673,3673
5826,Patte
720,Pattatras
5337,Patte
513,Patte
662,662
1894,1894
2747,2747
4282,4282
5943,Patte
1916,1916
5814,Patte
2476,2476
1177,1177
3895,Tatras
675,Pattatras
5587,5587
2202,Patte
3506,3506
6011,6011
3936,Patte
4033,4033
6265,Tatras
4639,4639
987,Patte
3695,Tatras
1354,1354
1760,Tatras
277,277
2968,2968
2326,2326
1151,1151
489,Patte
2176,2176
5305,Tatras
1250,Tatras
3118,3118
101,101
5494,5494
369,Patte
2127,Patte
4960,Tatras
1982,1982
5548,5548
2451,Patte
524,524
2527,2527
904,904
4326,Patte
6233,6233
688,688
1101,Patte
1538,1538
5650,Tatras
2316,Patte
77,77
983,983
3496,3496
1216,1216
3328,3328
3857,3857
617,617
1875,Pattatras
5049,Patte
2062,2062
5463,Patte
1024,1024
2,2
1960,Tatras
1550,Tatras
2077,2077
997,997
2601,Patte
1732,1732
5308,5308
4974,Patte
5719,5719
4141,4141
3842,3842
4367,4367
4679,4679
6134,6134
1128,Patte
1031,1031
6262,6262
426,Patte
1004,1004
5550,Pattatras
62,62
4510,Tatras
3180,Pattatras
2617,2617
1544,1544
5170,Tatras
6297,Patte
1857,Patte
1571,1571
1268,1268
1281,Patte
4499,4499
109,109
5798,5798
2099,2099
5704,5704
3789,Patte
2118,Patte
1166,1166
1594,1594
2789,2789
2872,2872
1449,Patte
2896,2896
1754,1754
1816,1816
232,232
308,308
3225,Pattatras
497,497
1729,1729
3706,3706
2770,Tatras
3809,3809
1834,1834
1806,Patte
1213,1213
5925,Pattatras
333,Patte
370,Tatras
5202,Patte
4815,Pattatras
5706,Patte
4054,4054
3462,Patte
283,283
1397,1397
5420,Tatras
5490,Pattatras
4542,Patte
4752,Patte
4338,Patte
4395,Pattatras
5593,5593
1527,Patte
485,Tatras
262,262
2713,2713
1687,1687
5525,Tatras
4572,Patte
1721,1721
5287,5287
2377,2377
4659,Patte
3189,Patte
1318,1318
3491,3491
710,Tatras
4258,4258
4630,Tatras
4668,Patte
5430,Pattatras
2102,2102
223,223
4967,4967
2935,Tatras
5844,Patte
135,Pattatras
5093,5093
954,Patte
1720,Tatras
2591,2591
522,Patte
82,82
1454,1454
4026,Patte
1547,1547
4242,Patte
1085,Tatras
3050,Tatras
4119,Patte
1245,Pattatras
3146,3146
1610,Tatras
2230,Tatras
2892,Patte
656,656
5611,5611
3518,3518
5240,Tatras
5365,Tatras
1523,1523
3755,Tatras
787,787
3667,3667
176,176
5004,Patte
3057,Patte
2574,Patte
131,131
2399,2399
3373,3373
4535,Tatras
1678,1678
867,Patte
4651,4651
4709,4709
3897,Patte
4167,Patte
276,Patte
4283,4283
2000,Tatras
2422,2422
5694,Patte
2614,2614
570,Pattatras
1060,Tatras
3905,Tatras
4077,Patte
49,49
5691,Patte
1767,Patte
2158,2158
951,Patte
5584,5584
3617,3617
2716,2716
2322,Patte
5799,Patte
4169,4169
5717,5717
3979,3979
962,962
853,853
5283,Patte
1826,1826
4431,Patte
5347,5347
143,143
1134,Patte
2068,2068
4937,4937
3309,Patte
3464,3464
1980,Pattatras
3454,3454
5495,Tatras
428,428
5586,Patte
1314,Patte
1590,Pattatras
2173,2173
6217,6217
6089,6089
2142,Patte
1273,1273
5655,Pattatras
4127,4127
2166,Patte
652,652
5002,5002
5212,5212
4300,Tatras
6020,Tatras
5860,Tatras
2217,Patte
1684,1684
1700,Tatras
4081,4081
1302,Patte
1695,Pattatras
1950,Pattatras
6423,Patte
6085,Tatras
5423,5423
5391,Patte
1027,1027
2183,2183
4405,Tatras
5975,Tatras
1299,Patte
1979,1979
243,Patte
786,Patte
630,Pattatras
2618,2618
460,Tatras
2839,2839
562,562
415,Tatras
3576,Patte
3882,Patte
3287,3287
4571,4571
6359,6359
2978,2978
202,202
2668,2668
3820,Tatras
2738,2738
4945,Tatras
1288,1288
5955,Pattatras
1930,Tatras
63,Patte
934,934
6280,Tatras
5047,5047
794,794
1623,Patte
4037,4037
2397,Patte
5029,5029
5449,5449
4253,4253
4591,4591
5538,Patte
3217,3217
4513,4513
4675,Tatras
5847,Patte
5292,Patte
6241,6241
5628,Patte
4133,4133
5540,Tatras
4897,4897
1007,1007
3416,3416
167,167
4128,Patte
2553,Patte
1910,Tatras
2303,2303
886,886
6047,6047
3298,3298
5779,5779
2097,Patte
6426,Patte
3194,3194
1995,Pattatras
6202,6202
1715,Tatras
1246,1246
799,799
270,Pattatras
5317,5317
3279,Patte
4928,4928
4365,Pattatras
5960,Tatras
1097,1097
1332,Patte
4887,Patte
3135,Pattatras
4506,Patte
5462,5462
6098,6098
3623,3623
2078,2078
2065,Tatras
3653,3653
2535,Pattatras
3849,Patte
2675,Tatras
664,664
2948,2948
4174,4174
3598,3598
433,433
3670,Tatras
1697,1697
1638,Patte
28,28
5770,Tatras
5896,5896
3669,Patte
4245,Pattatras
2757,Patte
5233,5233
5696,5696
3757,3757
3883,3883
1673,1673
1694,1694
1879,1879
2878,2878
6043,6043
5681,5681
3976,3976
2656,2656
3283,3283
6429,Patte
3978,Patte
4806,Patte
1075,Tatras
4512,Patte
624,Patte
6404,6404
4560,Pattatras
2922,Patte
4987,4987
4123,4123
890,Tatras
4404,Patte
4648,4648
1882,1882
1794,Patte
776,776
5167,5167
1261,1261
5515,Tatras
770,Tatras
5553,Patte
4783,4783
2041,2041
3438,Patte
2560,Tatras
4982,4982
680,Tatras
330,Pattatras
6188,6188
2216,2216
5684,5684
4873,4873
4065,Pattatras
1895,Tatras
2012,2012
189,Patte
4773,Patte
1221,Patte
3519,Patte
2039,2039
5427,Patte
492,Patte
5898,Patte
2210,Tatras
5906,5906
1975,Tatras
4358,4358
979,979
598,598
5833,5833
4568,4568
6358,6358
2163,Patte
2531,2531
5126,5126
2905,Tatras
3622,3622
3203,3203
6302,6302
1820,Tatras
1357,1357
228,Patte
1625,Tatras
4526,4526
3831,Patte
3686,3686
6030,Pattatras
1977,Patte
3005,Tatras
1927,1927
2532,Patte
3680,Tatras
1378,1378
3479,3479
240,Pattatras
3569,3569
1728,Patte
6239,6239
217,217
1244,1244
4791,Patte
4976,4976
2419,2419
1161,Patte
1900,Tatras
439,439
5551,5551
6222,Patte
2652,Patte
5640,Pattatras
798,Patte
438,Patte
2381,2381
5627,5627
6194,6194
5581,5581
2590,Tatras
68,68
5190,Pattatras
2411,2411
5804,5804
4811,4811
3525,Pattatras
4936,4936
3974,3974
1893,Patte
2912,2912
4685,Tatras
1714,1714
5793,Patte
1560,Pattatras
4218,Patte
6362,6362
4294,4294
2709,Patte
3968,3968
1605,Pattatras
5853,Patte
5008,5008
4353,Patte
1107,Patte
3855,Pattatras
821,821
454,454
351,Patte
1181,1181
2651,2651
1706,1706
699,Patte
3448,3448
1803,Patte
939,Patte
4616,4616
1716,Patte
3868,3868
5451,Patte
2873,2873
6431,6431
1597,1597
4899,Patte
3795,Pattatras
2257,2257
2150,Tatras
916,916
5939,5939
587,587
769,769
5498,5498
4929,Patte
952,952
2588,2588
4072,4072
53,53
947,947
1812,Patte
3199,3199
3002,3002
4161,Patte
4614,Patte
963,Patte
2908,2908
5856,Patte
5710,Tatras
3745,Tatras
5585,Tatras
5173,5173
6150,Pattatras
2762,2762
2592,Patte
4968,Patte
2371,2371
1974,Patte
1463,1463
3391,3391
3224,3224
371,371
61,61
3975,Pattatras
5654,5654
5503,5503
716,716
3254,3254
2936,2936
6182,6182
1196,1196
5339,5339
5806,5806
5888,5888
5194,5194
31,31
5186,5186
4005,Pattatras
4592,4592
3571,3571
6422,6422
6305,Tatras
6216,Patte
104,104
3326,3326
4158,Patte
4019,4019
5928,Patte
709,709
2128,2128
2732,2732
5104,5104
6010,Tatras
6303,Patte
4269,Patte
5275,Tatras
1929,Patte
1531,1531
5497,5497
1898,1898
603,Patte
3990,Pattatras
1477,1477
532,532
4154,4154
4757,4757
1584,Patte
2797,2797
54,Patte
4464,Patte
1530,Pattatras
1633,1633
4324,4324
4036,4036
3422,3422
3652,3652
1257,Patte
3876,Patte
1057,1057
4740,Pattatras
6370,Tatras
230,Tatras
6176,6176
300,Pattatras
6178,6178
6057,Patte
3735,Pattatras
4624,4624
4801,4801
407,407
4097,4097
3934,3934
2990,Tatras
3324,Patte
3114,Patte
389,389
1459,1459
922,922
4176,Patte
4794,Patte
3861,Patte
4933,4933
256,256
6339,Patte
2362,2362
3375,Pattatras
3409,3409
6061,6061
4156,4156
5075,Tatras
2221,2221
5021,5021
1229,1229
1648,1648
914,914
5635,Tatras
5479,5479
5604,Patte
4515,Pattatras
6254,6254
6021,Patte
5216,5216
1315,Tatras
1081,1081
3581,3581
683,683
1135,Tatras
5623,5623
6090,Pattatras
4742,4742
3482,3482
6058,6058
1998,Patte
5914,5914
4250,Tatras
494,494
191,191
306,Patte
5011,5011
6193,6193
5143,5143
921,Patte
1508,1508
1227,Patte
1601,1601
5306,5306
3237,Patte
1775,Tatras
5053,5053
269,269
2125,Tatras
4441,4441
6109,6109
5765,Tatras
2269,2269
2559,Patte
317,317
5502,Patte
1141,1141
1403,1403
2956,2956
573,Patte
6103,6103
2484,Patte
83,83
1385,Tatras
1158,Patte
712,712
3439,3439
6174,Patte
5445,Pattatras
695,Tatras
5237,5237
2619,Patte
4135,Tatras
5712,Patte
2670,Pattatras
2982,Patte
2856,Patte
2223,Patte
5333,5333
5116,5116
1956,Patte
5591,5591
3235,Tatras
1455,Pattatras
780,Pattatras
3133,3133
6096,Patte
1921,1921
2840,Tatras
3999,Patte
5415,Pattatras
5629,5629
6342,Patte
4205,Tatras
3034,3034
4824,Patte
4704,Patte
284,284
3314,3314
4926,Patte
5595,Pattatras
2821,2821
4347,Patte
4805,Tatras
5797,5797
2412,Patte
3707,3707
2033,2033
1587,Patte
540,Pattatras
6410,Tatras
6124,6124
1924,1924
4896,Patte
1249,1249
1737,Patte
5142,Patte
4907,4907
810,Pattatras
2710,Tatras
1148,1148
2573,2573
1192,1192
125,Tatras
3515,Tatras
3315,Pattatras
1981,1981
3297,Patte
1089,Patte
5234,5234
2271,Patte
1828,1828
1871,1871
47,47
5489,5489
2357,2357
6232,6232
4552,4552
4185,Pattatras
732,Patte
2852,2852
1983,Patte
4779,Patte
4688,4688
126,Patte
1628,1628
3599,3599
3097,3097
2530,Tatras
179,179
5501,5501
4755,Pattatras
4961,4961
715,Tatras
2179,2179
4322,4322
3927,Patte
2672,2672
6286,6286
1747,1747
375,Pattatras
3407,3407
252,Patte
4550,Tatras
6285,Pattatras
1174,1174
4295,Tatras
4429,4429
1306,1306
4894,4894
508,508
2659,2659
2685,Pattatras
2802,Patte
5641,5641
4386,Patte
3340,Tatras
3411,Patte
3058,3058
93,Patte
1710,Pattatras
5531,5531
188,188
6456,Patte
6328,6328
3187,3187
3709,3709
1782,Patte
5800,Tatras
2830,Tatras
3557,3557
4702,4702
6296,6296
3083,3083
3371,3371
3853,3853
2204,2204
2157,Patte
424,424
4437,Patte
6378,Patte
386,386
1632,Patte
1284,Patte
2538,Patte
1944,Patte
3772,3772
3554,3554
294,Patte
6200,Tatras
811,811
1549,1549
170,Tatras